difficulty,cost,sentence_average_count,inversion_average_score
1,0.01,15,98.39285714285714
1,0.03,19,98.08653846153845
1,0.05,15,98.38194444444444
2,0.01,11,85.57864357865138
2,0.03,9,83.93367743368542
2,0.05,20,88.98778414568466
3,0.01,7,89.22233700643409
3,0.03,9,92.3320749583427
3,0.05,7,90.49236832191929
