difficulty,cost,sentence_average_count,inversion_average_score
1,0.01,13,98.39285714285714
1,0.03,17,98.08653846153845
1,0.05,14,98.38194444444444
2,0.01,7,85.57864357865138
2,0.03,4,83.93367743368542
2,0.05,8,88.98778414568466
3,0.01,6,89.22233700643409
3,0.03,7,92.3320749583427
3,0.05,6,90.49236832191929
